id;geom
1;LINESTRING (18.072906 59.336914, 18.077199 59.342341, 18.0687 59.34733, 18.058913 59.350787, 18.053677 59.351224, 18.053419 59.346586, 18.049728 59.342472, 18.046551 59.341991)
2;LINESTRING (18.030938 59.343909, 18.041072 59.335943, 18.048851 59.341621, 18.05128 59.346123, 18.069409 59.341881)
3;LINESTRING (18.072994 59.338227, 18.069045 59.336826, 18.062177 59.336739, 18.056683 59.341334, 18.054107 59.343742, 18.054107 59.346761, 18.050759 59.349387, 18.045523 59.350568, 18.040286 59.348993, 18.0402 59.345098)
